Accuracy,Variance
51.980000000000004,0.09603008122458294
10.0,0.1298172700375416
10.01,0.13689856829054128
